{"cameraMode":{"drawMode":0,"name":"Shaded","section":"Shading Mode"},"sceneLighting":false,"audioPlay":false,"sceneViewState":{"showFog":true,"showMaterialUpdate":false,"showSkybox":true,"showFlares":true,"showImageEffects":true,"showParticleSystems":true,"showVisualEffectGraphs":true,"m_FxEnabled":true},"in2DMode":false,"pivot":{"x":-5.463120460510254,"y":4.059985160827637,"z":-7.967164039611816},"rotation":{"x":-0.0017918880330398679,"y":-0.13845793902873994,"z":0.00024981785099953413,"w":-0.9903827905654907},"size":13.37920093536377,"orthographic":false}